station_m,x_m,y_datum_m,z_m,grade,heading_rad,curvature_per_m,bank_weight
0,0,0,0,0,0,0,0
1,1,0,0,0,0,0,0
2,2,0,0,0,0,0,0
3,3,0,0,0,0,0,0
4,4,0,0,0,0,0,0
5,5,0,0,0,0,0,0
6,6,0,0,0,0,0,0
7,7,0,0,0,0,0,0
8,8,0,0,0,0,0,0
9,9,0,0,0,0,0,0
10,10,0,0,0,0,0,0
11,11,0,0,0,0,0,0
12,12,0,0,0,0,0,0
13,13,0,0,0,0,0,0
14,14,0,0,0,0,0,0
15,15,0,0,0,0,0,0
16,16,0,0,0,0,0,0
17,17,0,0,0,0,0,0
18,18,0,0,0,0,0,0
19,19,0,0,0,0,0,0
20,20,0,0,0,0,0,0
21,21,0,0,0,0,0,0
22,22,0,0,0,0,0,0
23,23,0,0,0,0,0,0
24,24,0,0,0,0,0,0
25,25,0,0,0,0,0,0
26,26,0,0,0,0,0,0
27,27,0,0,0,0,0,0
28,28,0,0,0,0,0,0
29,29,0,0,0,0,0,0
30,30,0,0,0,0,0,0
31,31,0,0,0,0,0,0
32,32,0,0,0,0,0,0
33,33,0,0,0,0,0,0
34,34,0,0,0,0,0,0
35,35,0,0,0,0,0,0
36,36,0,0,0,0,0,0
37,37,0,0,0,0,0,0
38,38,0,0,0,0,0,0
39,39,0,0,0,0,0,0
40,40,0,0,0,0,0,0
41,41,0,0,0,0,0,0
42,42,0,0,0,0,0,0
43,43,0,0,0,0,0,0
44,44,0,0,0,0,0,0
45,45,0,0,0,0,0,0
46,46,0,0,0,0,0,0
47,47,0,0,0,0,0,0
48,48,0,0,0,0,0,0
49,49,0,0,0,0,0,0
50,50,0,0,0,0,0,0
51,51,0,0,0,0,0,0
52,52,0,0,0,0,0,0
53,53,0,0,0,0,0,0
54,54,0,0,0,0,0,0
55,55,0,0,0,0,0,0
56,56,0,0,0,0,0,0
57,57,0,0,0,0,0,0
58,58,0,0,0,0,0,0
59,59,0,0,0,0,0,0
60,60,0,0,0,0,0,0
61,61,0,0,0,0,0,0
62,62,0,0,0,0,0,0
63,63,0,0,0,0,0,0
64,64,0,0,0,0,0,0
65,64.99999999999982,0,4.018015331691418e-7,0,0.0000016021728515625,0.000004781087239583334,0.00286865234375
66,65.99999999997706,0,0.000006347629758978857,0,0.000012613932291666667,0.000018717447916666665,0.01123046875
67,66.99999999961933,0,0.00003172298272077926,0,0.0000418853759765625,0.00004119873046875,0.02471923828125
68,67.9999999972293,0,0.00009895828028817322,0,0.00009765625,0.00007161458333333333,0.04296875
69,68.9999999871677,0,0.00023841851231139774,0,0.00018755594889322916,0.00010935465494791667,0.06561279296875
70,69.99999995535795,0,0.0004877928859499874,0,0.000318603515625,0.00015380859375,0.09228515625
71,70.99999987254475,0,0.0008914844709010466,0,0.0004972076416015625,0.00020436604817708332,0.12261962890625
72,71.99999968515657,0,0.0014999998402811193,0,0.0007291666666666667,0.00026041666666666666,0.15625
73,72.99999930376407,0,0.002369338703727307,0,0.0010196685791015625,0.00032135009765625,0.19281005859375
74,73.99999858925815,0,0.003560383527987048,0,0.001373291015625,0.0003865559895833333,0.23193359375
75,74.99999733698766,0,0.005138289138998172,0,0.0017940012613932293,0.0004554239908854167,0.27325439453125
76,75.99999525920171,0,0.007171872298371702,0,0.00228515625,0.00052734375,0.31640625
77,76.99999196623263,0,0.009733001246431977,0,0.0028495025634765626,0.0006017049153645833,0.36102294921875
78,77.99998694693386,0,0.012895985203686152,0,0.0034891764322916665,0.0006778971354166667,0.40673828125
79,78.99997954895228,0,0.0167369638229147,0,0.0042057037353515625,0.00075531005859375,0.45318603515625
80,79.9999689594667,0,0.021333296585097555,0,0.005,0.0008333333333333334,0.5
81,80.99995418706334,0,0.026762952134186446,0,0.0058723704020182295,0.0009113566080729167,0.54681396484375
82,81.99993404544523,0,0.033103897548334586,0,0.006822509765625,0.00098876953125,0.59326171875
83,82.99990713968562,0,0.04043348754859207,0,0.007849502563476562,0.0010649617513020834,0.63897705078125
84,83.99987185573515,0,0.04882785365021516,0,0.008951822916666666,0.0011393229166666667,0.68359375
85,84.99982635388021,0,0.058361293266523666,0,0.010127334594726563,0.00121124267578125,0.72674560546875
86,85.9997685668227,0,0.06910565878052853,0,0.011373291015625,0.0012801106770833333,0.76806640625
87,86.99969620301354,0,0.08112974660515611,0,0.012686335245768229,0.0013453165690104167,0.80718994140625
88,87.99960675581883,0,0.09449868625858739,0,0.0140625,0.00140625,0.84375
89,88.99949751903308,0,0.109273329486746,0,0.015497207641601562,0.0014623006184895833,0.87738037109375
90,89.99936560917511,0,0.12550963947000848,0,0.016985270182291668,0.0015128580729166666,0.90771484375
91,90.99920799491105,0,0.1432580801554566,0,0.018520889282226564,0.00155731201171875,0.93438720703125
92,91.999021533844,0,0.16256300575909693,0,0.02009765625,0.0015950520833333333,0.95703125
93,92.99880301679285,0,0.1834620504840987,0,0.021708552042643228,0.0016254679361979167,0.97528076171875
94,93.99854921955168,0,0.205985518500892,0,0.023345947265625,0.00164794921875,0.98876953125
95,94.99825696197776,0,0.23015577423260078,0,0.025001602172851564,0.0016618855794270832,0.99713134765625
96,95.99792317409981,0,0.2559866329844485,0,0.02666666666666667,0.0016666666666666668,1
97,96.997544957232,0.000625,0.28348316378720734,0.00125,0.028333333333333332,0.0016666666666666668,1
98,97.99711952447078,0.0025,0.3126456919342563,0.0025,0.03,0.0016666666666666668,1
99,98.99664409922082,0.005625000000000001,0.3434741364185913,0.0037500000000000007,0.03166666666666667,0.0016666666666666668,1
100,99.99611590502556,0.01,0.37596841160566424,0.005,0.03333333333333333,0.0016666666666666668,1
101,100.9955321655751,0.015625,0.41012842723362053,0.00625,0.035,0.0016666666666666668,1
102,101.99489010471382,0.022500000000000003,0.44595408841354983,0.0075000000000000015,0.03666666666666667,0.0016666666666666668,1
103,102.99418694644805,0.030625000000000003,0.4834452956297497,0.00875,0.03833333333333333,0.0016666666666666668,1
104,103.99341991495388,0.04,0.5226019447400019,0.01,0.04,0.0016666666666666668,1
105,104.99258623458485,0.050624999999999996,0.563423926975862,0.01125,0.041666666666666664,0.0016666666666666668,1
106,105.99168312987956,0.0625,0.6059111289429608,0.0125,0.043333333333333335,0.0016666666666666668,1
107,106.99070782556953,0.07562500000000001,0.6500634326213205,0.013750000000000002,0.045,0.0016666666666666668,1
108,107.98965754658678,0.09000000000000001,0.6958807153656815,0.015000000000000003,0.04666666666666667,0.0016666666666666668,1
109,108.98852951807163,0.10562500000000001,0.7433628499058432,0.01625,0.04833333333333333,0.0016666666666666668,1
110,109.98732096538038,0.12250000000000001,0.792509704347018,0.0175,0.05,0.0016666666666666668,1
111,110.98602911409293,0.140625,0.8433211421701975,0.01875,0.051666666666666666,0.0016666666666666668,1
112,111.98465119002068,0.16,0.8957970222325318,0.02,0.05333333333333334,0.0016666666666666668,1
113,112.98318441921401,0.180625,0.9499371987677204,0.02125,0.055,0.0016666666666666668,1
114,113.98162602797021,0.20249999999999999,1.0057415213864198,0.0225,0.056666666666666664,0.0016666666666666668,1
115,114.97997324284094,0.22562500000000002,1.0632098350766575,0.02375,0.058333333333333334,0.0016666666666666668,1
116,115.97822329064013,0.25,1.122341980204267,0.025,0.06,0.0016666666666666668,1
117,116.9763733984517,0.275625,1.1831377925133262,0.026250000000000002,0.06166666666666667,0.0016666666666666668,1
118,117.97442079363705,0.30250000000000005,1.2455971031266189,0.027500000000000004,0.06333333333333334,0.0016666666666666668,1
119,118.97236270384295,0.33062500000000006,1.3097197385461001,0.028750000000000005,0.065,0.0016666666666666668,1
120,119.9701963570092,0.36000000000000004,1.3755055206533788,0.030000000000000006,0.06666666666666667,0.0016666666666666668,1
121,120.96791898137624,0.390625,1.4429542667102142,0.03125,0.06833333333333333,0.0016666666666666668,1
122,121.96552780549305,0.42250000000000004,1.5120657893590215,0.0325,0.07,0.0016666666666666668,1
123,122.9630200582246,0.45562500000000006,1.5828398966233932,0.03375,0.07166666666666667,0.0016666666666666668,1
124,123.96039296875975,0.49000000000000005,1.6552763919086326,0.035,0.07333333333333333,0.0016666666666666668,1
125,124.95764376661882,0.525625,1.7293750740022988,0.036250000000000004,0.075,0.0016666666666666668,1
126,125.9547696816613,0.5625,1.8051357370747685,0.0375,0.07666666666666666,0.0016666666666666668,1
127,126.95176794409369,0.6006250000000001,1.8825581706798025,0.03875,0.07833333333333334,0.0016666666666666668,1
128,127.948635784477,0.64,1.9616421597551357,0.04,0.08,0.0016666666666666668,1
129,128.94537043373452,0.680625,2.042387484623071,0.04125,0.08166666666666667,0.0016666666666666668,1
130,129.94196912315954,0.7225,2.124793920991092,0.0425,0.08333333333333333,0.0016666666666666668,1
131,130.93842908442303,0.765625,2.2088612399524834,0.04375,0.085,0.0016666666666666668,1
132,131.93474754958123,0.8099999999999999,2.2945892079869687,0.045,0.08666666666666667,0.0016666666666666668,1
133,132.93092175108353,0.8556250000000001,2.3819775869613595,0.04625,0.08833333333333333,0.0016666666666666668,1
134,133.92694892178002,0.9025000000000001,2.471026134130214,0.0475,0.09,0.0016666666666666668,1
135,134.92282629492922,0.9506250000000002,2.561734602136514,0.04875,0.09166666666666666,0.0016666666666666668,1
136,135.91855110420568,1,2.6541027390123517,0.05,0.09333333333333334,0.0016666666666666668,1
137,136.91412058370776,1.05,2.7481302881796275,0.05,0.095,0.0016666666666666668,1
138,137.90953196796545,1.1,2.843816988450767,0.05,0.09666666666666666,0.0016666666666666668,1
139,138.90478249194766,1.15,2.94116257402944,0.05,0.09833333333333333,0.0016666666666666668,1
140,139.8998693910703,1.2,3.0401667745113063,0.05,0.1,0.0016666666666666668,1
141,140.8947899012037,1.25,3.1408293148847606,0.05,0.10166666666666667,0.0016666666666666668,1
142,141.88954125868042,1.3,3.2431499155317005,0.05,0.10333333333333333,0.0016666666666666668,1
143,142.8841207003029,1.35,3.347128292228301,0.05,0.105,0.0016666666666666668,1
144,143.87852546335108,1.4,3.452764156145804,0.05,0.10666666666666667,0.0016666666666666668,1
145,144.8727527855902,1.45,3.5600572138513233,0.05,0.10833333333333334,0.0016666666666666668,1
146,145.8667999052783,1.5,3.6690071673086564,0.05,0.11,0.0016666666666666668,1
147,146.86066406117402,1.55,3.7796137138791117,0.05,0.11166666666666666,0.0016666666666666668,1
148,147.85434249254422,1.6,3.8918765463223557,0.05,0.11333333333333333,0.0016666666666666668,1
149,148.8478324391717,1.65,4.005795352797259,0.05,0.115,0.0016666666666666668,1
150,149.84113114136278,1.7000000000000002,4.121369816862765,0.05,0.11666666666666667,0.0016666666666666668,1
151,150.83423583995506,1.75,4.238599617478769,0.05,0.11833333333333333,0.0016666666666666668,1
152,151.82714377632504,1.8,4.357484429007014,0.05,0.12,0.0016666666666666668,1
153,152.81985219239567,1.85,4.478023921211988,0.05,0.12166666666666667,0.0016666666666666668,1
154,153.81235833064426,1.9,4.600217759261844,0.05,0.12333333333333334,0.0016666666666666668,1
155,154.80465943411002,1.9500000000000002,4.724065603729334,0.05,0.125,0.0016666666666666668,1
156,155.79675274640152,2,4.849567110592747,0.05,0.12666666666666668,0.0016666666666666668,1
157,156.78863551170474,2.05,4.976721931236867,0.05,0.12833333333333333,0.0016666666666666668,1
158,157.78030497479034,2.1,5.105529712453941,0.05,0.13,0.0016666666666666668,1
159,158.77175838102158,2.1500000000000004,5.235990096444659,0.05,0.13166666666666665,0.0016666666666666668,1
160,159.7629929763619,2.2,5.368102720819151,0.05,0.13333333333333333,0.0016666666666666668,1
161,160.75400600738237,2.25,5.5018672185979876,0.05,0.135,0.0016666666666666668,1
162,161.74479472126984,2.3,5.637283218213208,0.05,0.13666666666666666,0.0016666666666666668,1
163,162.73535636583398,2.35,5.774350343509343,0.05,0.13833333333333334,0.0016666666666666668,1
164,163.72568818951532,2.4000000000000004,5.913068213744463,0.05,0.14,0.0016666666666666668,1
165,164.7157874413927,2.45,6.053436443591244,0.05,0.14166666666666666,0.0016666666666666668,1
166,165.7056513711912,2.5,6.195454643138025,0.05,0.14333333333333334,0.0016666666666666668,1
167,166.69527722928927,2.55,6.339122417889901,0.05,0.145,0.0016666666666666668,1
168,167.68466226672695,2.6,6.48443936876981,0.05,0.14666666666666667,0.0016666666666666668,1
169,168.67380373521303,2.6500000000000004,6.63140509211965,0.05,0.14833333333333334,0.0016666666666666668,1
170,169.662698887133,2.7,6.780019179701392,0.05,0.15,0.0016666666666666668,1
171,170.6513449755564,2.75,6.930281218698224,0.05,0.15166666666666667,0.0016666666666666668,1
172,171.63973925424494,2.8,7.082190791715692,0.05,0.15333333333333332,0.0016666666666666668,1
173,172.62787897765946,2.85,7.235747476782854,0.05,0.155,0.0016666666666666668,1
174,173.61576140096804,2.9000000000000004,7.390950847353462,0.05,0.15666666666666668,0.0016666666666666668,1
175,174.6033837800535,2.95,7.547800472307144,0.05,0.15833333333333333,0.0016666666666666668,1
176,175.590743371521,3,7.706295915950594,0.05,0.16,0.0016666666666666668,1
177,176.57783743270556,3.049375,7.866436738018797,0.04875,0.16166666666666665,0.0016666666666666668,1
178,177.56466322167995,3.0975,8.028222493676237,0.0475,0.16333333333333333,0.0016666666666666668,1
179,178.55121799726203,3.1443749999999997,8.191652733518142,0.046250000000000006,0.165,0.0016666666666666668,1
180,179.53749901902245,3.1900000000000004,8.356727003571729,0.045000000000000005,0.16666666666666666,0.0016666666666666668,1
181,180.52350354729242,3.234375,8.523444845297464,0.043750000000000004,0.16833333333333333,0.0016666666666666668,1
182,181.50922884317106,3.2775,8.691805795590337,0.0425,0.17,0.0016666666666666668,1
183,182.49467216853316,3.319375,8.861809386781154,0.04125,0.17166666666666666,0.0016666666666666668,1
184,183.47983078603687,3.36,9.033455146637822,0.04000000000000001,0.17333333333333334,0.0016666666666666668,1
185,184.464701959131,3.399375,9.206742598366676,0.03875000000000001,0.175,0.0016666666666666668,1
186,185.44928295206302,3.4375,9.381671260613798,0.037500000000000006,0.17666666666666667,0.0016666666666666668,1
187,186.4335710298863,3.4743749999999998,9.558240647466347,0.03625,0.17833333333333334,0.0016666666666666668,1
188,187.41756345846795,3.5100000000000002,9.736450268453915,0.034999999999999996,0.18,0.0016666666666666668,1
189,188.4012575044963,3.544375,9.916299628549895,0.03375,0.18166666666666667,0.0016666666666666668,1
190,189.38465043548854,3.5775,10.097788228172844,0.0325,0.18333333333333332,0.0016666666666666668,1
191,190.3677395197982,3.609375,10.280915563187884,0.03125,0.185,0.0016666666666666668,1
192,191.35052202662297,3.6399999999999997,10.465681124908087,0.03,0.18666666666666668,0.0016666666666666668,1
193,192.33299530110742,3.669375,10.6520840053743,0.028749999999999998,0.18833173116048177,0.0016618855794270832,0.99713134765625
194,193.31515758348647,3.6975,10.84011863676116,0.027500000000000004,0.18998738606770835,0.00164794921875,0.98876953125
195,194.2970087983435,3.724375,11.029770866977131,0.026250000000000002,0.1916247812906901,0.0016254679361979167,0.97528076171875
196,195.27855057259748,3.75,11.221018165290673,0.025,0.19323567708333333,0.0015950520833333333,0.95703125
197,196.25978617109692,3.774375,11.41383023188308,0.02375,0.19481244405110676,0.00155731201171875,0.93438720703125
198,197.24072042528067,3.7974999999999994,11.608169606251286,0.0225,0.19634806315104167,0.0015128580729166666,0.90771484375
199,198.2213596546112,3.8193750000000004,11.80399227435741,0.021250000000000005,0.19783612569173178,0.0014623006184895833,0.87738037109375
200,199.20171158064133,3.8400000000000003,12.001248274450466,0.020000000000000004,0.19927083333333334,0.00140625,0.84375
201,200.18178523371617,3.859375,12.199882301513613,0.018750000000000003,0.20064699808756511,0.0013453165690104167,0.80718994140625
202,201.1615908524393,3.8775,12.399834310317821,0.017499999999999998,0.20196004231770834,0.0012801106770833333,0.76806640625
203,202.14113977614656,3.8943749999999997,12.60104011708934,0.016249999999999997,0.20320599873860676,0.00121124267578125,0.72674560546875
204,203.1204443307335,3.91,12.803431999823419,0.015000000000000003,0.20438151041666666,0.0011393229166666667,0.68359375
205,204.0995177082696,3.9243750000000004,13.00693929730035,0.013750000000000002,0.20548383076985677,0.0010649617513020834,0.63897705078125
206,205.07837384090837,3.9375,13.211489006881356,0.0125,0.20651082356770833,0.00098876953125,0.59326171875
207,206.05702726966607,3.949375,13.417006381181073,0.01125,0.2074609629313151,0.0009113566080729167,0.54681396484375
208,207.0354930086897,3.9599999999999995,13.623415523730039,0.009999999999999998,0.20833333333333334,0.0008333333333333334,0.5
209,208.0137864056742,3.9693750000000003,13.830639983754295,0.008750000000000003,0.20912762959798178,0.00075531005859375,0.45318603515625
210,208.9919229991113,3.9775,14.038603350210044,0.0075000000000000015,0.20984415690104166,0.0006778971354166667,0.40673828125
211,209.9699183730654,3.984375,14.247229845218504,0.00625,0.21048383076985677,0.0006017049153645833,0.36102294921875
212,210.94778801017077,3.9899999999999998,14.45644491705047,0.004999999999999999,0.21104817708333334,0.00052734375,0.31640625
213,211.92554714353,3.994375,14.666175832810312,0.003749999999999998,0.21153933207194012,0.0004554239908854167,0.27325439453125
214,212.90321060816936,3.9975000000000005,14.876352270966452,0.0025000000000000022,0.21196004231770835,0.0003865559895833333,0.23193359375
215,213.88079269266606,3.999375,15.086906913868575,0.0012500000000000011,0.21231366475423177,0.00032135009765625,0.19281005859375
216,214.8583069915122,4,15.29777604038199,0,0.21260416666666668,0.00026041666666666666,0.15625
217,215.83576625871743,4,15.508900118755944,0,0.21283612569173177,0.00020436604817708332,0.12261962890625
218,216.8131822630732,4,15.72022439982584,0,0.21301472981770833,0.00015380859375,0.09228515625
219,217.79056564541543,4,15.931699510629342,0,0.2131457773844401,0.00010935465494791667,0.06561279296875
220,218.76792577811838,4,16.14328204849309,0,0.21323567708333332,0.00007161458333333333,0.04296875
221,219.74527062693969,4,16.35493517562075,0,0.21329144795735677,0.00004119873046875,0.02471923828125
222,220.72260661520838,4,16.566629214184143,0,0.21332071940104166,0.000018717447916666665,0.01123046875
223,221.6999384902081,4,16.77834224188783,0,0.21333173116048176,0.000004781087239583334,0.00286865234375
224,222.67726919145494,4,16.99006068794333,0,0.21333333333333335,0,0
225,223.654599807633,4,17.2017795266918,0,0.21333333333333335,0,0
226,224.63193042381104,4,17.413498365440272,0,0.21333333333333335,0,0
227,225.6092610399891,4,17.625217204188747,0,0.21333333333333335,0,0
228,226.58659165616714,4,17.836936042937218,0,0.21333333333333335,0,0
229,227.5639222723452,4,18.04865488168569,0,0.21333333333333335,0,0
230,228.54125288852325,4,18.260373720434163,0,0.21333333333333335,0,0
231,229.5185835047013,4,18.472092559182634,0,0.21333333333333335,0,0
232,230.49591412087935,4,18.683811397931105,0,0.21333333333333335,0,0
233,231.4732447370574,4,18.89553023667958,0,0.21333333333333335,0,0
234,232.45057535323545,4,19.10724907542805,0,0.21333333333333335,0,0
235,233.4279059694135,4,19.318967914176522,0,0.21333333333333335,0,0
236,234.40523658559155,4,19.530686752924996,0,0.21333333333333335,0,0
237,235.3825672017696,4,19.742405591673467,0,0.21333333333333335,0,0
238,236.35989781794765,4,19.95412443042194,0,0.21333333333333335,0,0
239,237.3372284341257,4,20.165843269170413,0,0.21333333333333335,0,0
240,238.31455905030376,4,20.377562107918884,0,0.21333333333333335,0,0
241,239.2918896664818,4,20.589280946667355,0,0.21333333333333335,0,0
242,240.26922028265986,4,20.80099978541583,0,0.21333333333333335,0,0
243,241.2465508988379,4,21.0127186241643,0,0.21333333333333335,0,0
244,242.22388151501596,4,21.22443746291277,0,0.21333333333333335,0,0
245,243.201212131194,4,21.436156301661242,0,0.21333333333333335,0,0
246,244.17854274737206,4,21.647875140409713,0,0.21333333333333335,0,0
247,245.1558733635501,4,21.859593979158188,0,0.21333333333333335,0,0
248,246.13320397972817,4,22.07131281790666,0,0.21333333333333335,0,0
249,247.11053459590622,4,22.28303165665513,0,0.21333333333333335,0,0
250,248.08786521208427,4,22.494750495403604,0,0.21333333333333335,0,0
251,249.06519582826232,4,22.706469334152075,0,0.21333333333333335,0,0
252,250.04252644444037,4,22.918188172900546,0,0.21333333333333335,0,0
253,251.01985706061842,4,23.12990701164902,0,0.21333333333333335,0,0
254,251.99718767679647,4,23.34162585039749,0,0.21333333333333335,0,0
255,252.97451829297452,4,23.553344689145963,0,0.21333333333333335,0,0
256,253.95184890915257,4,23.765063527894437,0,0.21333333333333335,0,0
